NA,cot,AA1,1,938.25,1599.964
NA,cot,AA1,2,874.613,1518.719
NA,cot,AA1,3,865.742,1486.15
NA,cot,AA1,4,843.371,1444.14
NA,cot,AA1,5,818.322,1429.719
NA,cot,AA1,6,771.002,1491.469
NA,cot,AA1,7,773.699,1473.509
NA,cot,AA1,8,769.399,1528.179
NA,cot,AA1,9,837.383,1606.842
NA,cot,AA1,10,657.467,1440.192
NA,caught,AO1,1,574.545,1332.482
NA,caught,AO1,2,669.438,1220.599
NA,caught,AO1,3,689.648,1192.663
NA,caught,AO1,4,689.678,1171.227
NA,caught,AO1,5,692.457,1130.753
NA,caught,AO1,6,701.449,1097.295
NA,caught,AO1,7,716.807,1150.138
NA,caught,AO1,8,691.29,1273.48
NA,caught,AO1,9,717.521,1310.948
NA,caught,AO1,10,743.998,1566.417
